Source File	Size	loadResources	load	generateSnapshots	load-configure	scan	loadDepInfo	loadInfo	checkR4R4B	generateNarratives	validate	loadLists	checkConformanceResources	checkConformanceResources2	checkConformanceResources3	generateLogicalMaps	validateExpressions	scanForUsageStats	checkURLsUnique	processProvenanceDetails	generate1	generate2	responsesForQuestionnaire	generateLogicals	makeDependencies	generateExampleZip	generateValidationPack	scanProfilesForR5	scanExamplesForR5
/fsh-generated/resources/ImplementationGuide-fhirems.emscore.json	121870	-	0	0	0	0	0	0	12	40	0	0	0	0	0	0	0	1	0	0	273	294	0	0	0	0	6	0	1
fsh-generated/resources/AllergyIntolerance-ex-ems-allergyintolerance.json	1232	1	0	0	0	0	0	0	0	379	0	0	0	0	0	0	0	0	0	0	5	10	0	0	0	0	0	0	0
fsh-generated/resources/CapabilityStatement-CapabilityStatement-ems-core-server.json	11029	1	0	0	0	0	0	0	0	8	0	0	0	0	0	0	0	0	0	0	53	27	0	0	0	0	0	0	0
fsh-generated/resources/Claim-ex-ems-claim.json	6072	2	0	0	0	0	0	0	0	5	0	0	0	0	0	0	0	0	0	0	13	16	0	0	0	0	0	0	0
fsh-generated/resources/CodeSystem-cs-nemsis-airway.json	5238	2	0	0	0	0	0	0	0	3	0	0	0	0	1	0	0	0	0	0	18	30	0	0	0	0	1	0	0
fsh-generated/resources/CodeSystem-cs-nemsis-arrest.json	7926	1	0	0	0	0	0	0	1	2	0	0	0	0	0	0	0	0	0	0	25	26	0	0	0	0	0	0	0
fsh-generated/resources/CodeSystem-cs-nemsis-codes.json	10572	1	0	0	1	0	0	0	0	4	0	0	0	0	1	0	0	0	0	0	33	29	0	0	0	0	1	0	0
fsh-generated/resources/CodeSystem-cs-nemsis-demographics.json	6452	1	0	0	0	0	0	0	1	2	0	0	0	0	0	0	0	0	0	0	21	20	0	0	0	0	0	0	0
fsh-generated/resources/CodeSystem-cs-nemsis-encounter.json	26205	3	0	0	0	0	0	0	1	8	0	0	0	0	0	0	0	1	0	0	77	57	0	0	0	0	2	0	0
fsh-generated/resources/CodeSystem-cs-nemsis-exam.json	33392	3	0	0	0	0	0	0	1	11	0	0	0	0	1	0	0	0	0	0	132	103	0	0	0	0	1	0	0
fsh-generated/resources/CodeSystem-cs-nemsis-history.json	8104	2	0	0	0	0	0	0	0	4	0	0	0	0	0	0	0	0	0	0	27	24	0	0	0	0	1	0	0
fsh-generated/resources/CodeSystem-cs-nemsis-injury.json	9625	1	0	0	0	0	0	0	1	2	0	0	0	0	1	0	0	0	0	0	28	25	0	0	0	0	0	0	0
fsh-generated/resources/CodeSystem-cs-nemsis-labs.json	7049	0	0	0	1	0	0	0	1	2	0	0	1	0	0	0	0	0	0	0	20	22	0	0	0	0	1	0	0
fsh-generated/resources/CodeSystem-cs-nemsis-medications.json	14725	2	0	0	0	0	0	0	0	4	0	0	0	0	1	0	0	0	0	0	49	32	0	0	0	0	0	0	0
fsh-generated/resources/CodeSystem-cs-nemsis-not-values.json	1252	0	0	0	0	0	0	0	0	0	0	0	0	0	0	0	0	0	0	0	5	12	0	0	0	0	1	0	0
fsh-generated/resources/CodeSystem-cs-nemsis-other.json	12036	1	0	0	0	0	0	0	1	3	0	0	0	0	1	0	0	1	0	0	36	31	0	0	0	0	1	0	0
fsh-generated/resources/CodeSystem-cs-nemsis-payer-type.json	2384	1	0	0	0	0	0	0	1	1	0	0	0	0	0	0	0	0	0	0	9	15	0	0	0	0	0	0	0
fsh-generated/resources/CodeSystem-cs-nemsis-payment.json	5759	1	0	0	0	0	0	0	0	1	0	0	0	0	1	0	0	0	0	0	18	19	0	0	0	0	0	0	0
fsh-generated/resources/CodeSystem-cs-nemsis-personnel-level.json	1977	0	0	0	0	0	0	0	0	0	0	0	0	0	0	0	0	0	0	0	8	15	0	0	0	0	0	0	0
fsh-generated/resources/CodeSystem-cs-nemsis-pertinent-negative.json	3115	0	0	0	0	0	0	0	0	1	0	0	0	0	0	0	0	0	0	0	11	13	0	0	0	0	0	0	0
fsh-generated/resources/CodeSystem-cs-nemsis-procedures.json	10613	1	0	0	0	0	0	0	1	2	0	0	0	0	1	0	0	0	0	0	34	22	0	0	0	0	1	0	0
fsh-generated/resources/CodeSystem-cs-nemsis-situation.json	1222	1	0	0	0	0	0	0	0	0	0	0	0	0	0	0	0	0	0	0	5	12	0	0	0	0	0	0	0
fsh-generated/resources/CodeSystem-cs-nemsis-vitals.json	8613	1	0	0	0	0	0	0	0	2	0	0	0	0	1	0	0	0	0	0	26	20	0	0	0	0	2	0	1
fsh-generated/resources/CodeSystem-nemsis-patient.json	2505	0	0	0	0	0	0	0	0	1	0	0	0	0	0	0	0	0	0	0	8	15	0	0	0	0	0	0	0
fsh-generated/resources/Composition-ex-ems-composition.json	5193	1	0	0	0	0	0	0	0	45	0	0	0	0	0	0	0	0	0	0	8	25	0	0	0	0	0	0	0
fsh-generated/resources/Condition-ex-ems-condition-arrest.json	7217	1	0	0	0	0	0	0	0	3	0	0	0	0	0	0	0	0	0	0	13	12	0	0	0	0	0	0	0
fsh-generated/resources/Condition-ex-ems-condition-injury.json	5932	1	0	0	1	0	0	0	0	1	0	0	0	0	0	0	0	0	0	0	11	10	0	0	0	0	0	0	0
fsh-generated/resources/Condition-ex-ems-condition-problems.json	3330	0	0	0	0	0	0	0	0	1	0	0	0	0	0	0	0	0	0	0	7	11	0	0	0	0	0	0	0
fsh-generated/resources/Condition-ex-ems-condition.json	1230	1	0	0	0	0	0	0	1	0	0	0	0	0	0	0	0	0	0	0	5	9	0	0	0	0	0	0	0
fsh-generated/resources/Coverage-ex-ems-coverage.json	1179	0	0	0	0	0	0	0	0	1	0	0	0	0	0	0	0	0	0	0	3	8	0	0	0	0	0	0	0
fsh-generated/resources/Device-ex-ems-device-vehicle.json	1070	1	0	0	0	0	0	0	0	4	0	0	0	0	0	0	0	0	0	0	4	8	0	0	0	0	0	0	0
fsh-generated/resources/DocumentReference-ex-ems-documentreference.json	1639	0	0	0	0	0	0	0	0	5	0	0	0	0	0	0	0	0	0	0	6	12	0	0	0	0	0	0	0
fsh-generated/resources/Encounter-ex-ems-encounter.json	15636	2	0	0	0	0	0	0	0	4	0	0	0	0	0	0	0	0	0	0	22	23	0	0	0	0	0	0	0
fsh-generated/resources/Location-ex-ems-location-agency.json	1201	0	0	0	0	0	0	0	0	1	0	0	0	0	0	0	0	0	0	0	3	11	0	0	0	0	0	0	0
fsh-generated/resources/Location-ex-ems-location-destination.json	816	1	0	0	0	0	0	0	0	0	0	0	0	0	0	0	0	0	0	0	3	53	0	0	0	0	0	0	0
fsh-generated/resources/Location-ex-ems-location-scene.json	1897	0	0	0	0	0	0	0	0	0	0	0	0	0	0	0	0	0	0	0	8	8	0	0	0	0	0	0	0
fsh-generated/resources/MedicationAdministration-ex-ems-medicationadministration.json	2928	1	0	0	0	0	0	0	0	1	0	0	0	0	0	0	0	0	0	0	8	16	0	0	0	0	0	0	0
fsh-generated/resources/MedicationStatement-ex-ems-medicationstatement.json	1646	0	0	0	0	0	0	0	0	1	0	0	0	0	0	0	0	0	0	0	5	13	0	0	0	0	0	0	0
fsh-generated/resources/NamingSystem-ns-ems-vin.json	509	0	4	0	0	0	0	0	0	1	32	0	0	0	0	0	0	0	0	0	4	10	0	0	0	0	0	0	0
fsh-generated/resources/Observation-ex-ems-ecg-rhythm.json	1724	1	0	0	0	0	0	0	0	1	0	0	0	0	0	0	0	0	0	0	5	24	0	0	0	0	0	0	0
fsh-generated/resources/Observation-ex-ems-exam-neuro.json	1736	0	0	0	0	0	0	0	0	1	0	0	0	0	0	0	0	0	0	0	5	11	0	0	0	0	0	0	0
fsh-generated/resources/Observation-ex-ems-exam-skin.json	1712	0	0	0	0	0	0	0	0	1	0	0	0	0	0	0	0	0	0	0	5	10	0	0	0	0	0	0	0
fsh-generated/resources/Observation-ex-ems-gcs-eye.json	806	1	0	0	0	0	0	0	0	1	0	0	0	0	0	0	0	0	0	0	4	9	0	0	0	0	0	0	0
fsh-generated/resources/Observation-ex-ems-gcs-motor.json	855	0	0	0	0	0	0	0	0	0	0	0	0	0	0	0	0	0	0	0	3	14	0	0	0	0	0	0	0
fsh-generated/resources/Observation-ex-ems-gcs-verbal.json	857	0	0	0	0	0	0	0	0	1	0	0	0	0	0	0	0	0	0	0	4	14	0	0	0	0	0	0	0
fsh-generated/resources/Observation-ex-ems-heart-rate.json	1362	1	0	0	0	0	0	0	0	1	0	0	0	0	0	0	0	0	0	0	6	48	0	0	0	0	0	0	0
fsh-generated/resources/Observation-ex-ems-observation-airway.json	3298	1	0	0	0	0	0	0	1	1	0	0	0	0	0	0	0	0	0	0	7	16	0	0	0	0	0	0	0
fsh-generated/resources/Observation-ex-ems-observation-bp.json	2178	0	0	0	0	0	0	0	0	1	0	0	0	0	0	0	0	0	0	0	7	7	0	0	0	0	0	0	0
fsh-generated/resources/Observation-ex-ems-observation-gcs.json	1939	0	0	0	0	0	0	0	0	0	0	0	0	0	0	0	0	0	0	0	5	13	0	0	0	0	0	0	0
fsh-generated/resources/Observation-ex-ems-observation-labs.json	1287	1	0	0	0	0	0	0	0	1	0	0	0	0	0	0	0	0	0	0	6	9	0	0	0	0	0	0	0
fsh-generated/resources/Observation-ex-ems-observation-outcome.json	2730	0	0	0	0	0	0	0	0	1	0	0	0	0	0	0	0	0	0	0	7	11	1	0	0	0	0	0	0
fsh-generated/resources/Observation-ex-ems-pain-score.json	1165	1	0	0	0	0	0	0	0	0	0	0	0	0	0	0	0	0	0	0	4	9	0	0	0	0	0	0	0
fsh-generated/resources/Observation-ex-ems-respiratory-rate.json	1375	0	0	0	0	0	0	0	0	1	0	0	0	0	0	0	0	0	0	0	5	8	0	0	0	0	0	0	0
fsh-generated/resources/Observation-ex-ems-spo2.json	1465	0	0	0	0	0	0	0	0	1	0	0	0	0	0	0	0	0	0	0	6	10	0	0	0	0	0	0	0
fsh-generated/resources/Observation-ex-ems-stroke-scale.json	1907	1	0	0	0	0	0	0	0	0	0	0	0	0	0	0	0	0	0	0	5	11	0	0	0	0	0	0	0
fsh-generated/resources/Organization-ex-ems-organization-agency.json	7779	0	0	0	0	0	0	0	0	23	0	0	0	0	0	0	0	0	0	0	14	6	0	0	0	0	0	0	0
fsh-generated/resources/Patient-ex-ems-patient.json	3513	1	0	0	0	0	0	0	0	2	0	0	0	0	0	0	0	0	0	0	9	9	0	0	0	0	0	0	0
fsh-generated/resources/Practitioner-ex-ems-practitioner.json	1159	0	0	0	0	0	0	0	0	1	0	0	0	0	0	0	0	0	0	0	4	6	0	0	0	0	0	0	0
fsh-generated/resources/PractitionerRole-ex-ems-practitionerrole.json	1258	1	0	0	0	0	0	0	0	0	0	0	0	0	0	0	0	0	0	0	4	12	0	0	0	0	0	0	0
fsh-generated/resources/Procedure-ex-ems-procedure.json	2847	0	0	0	1	0	0	0	1	1	0	0	0	0	0	0	0	0	0	0	6	16	0	0	0	0	0	0	0
fsh-generated/resources/Provenance-ex-ems-provenance.json	2822	0	0	0	0	0	0	0	0	1	0	0	0	0	0	0	0	0	0	0	6	27	0	0	0	0	0	0	0
fsh-generated/resources/Questionnaire-ex-ems-questionnaire.json	990	1	0	0	0	0	0	0	0	7	0	0	0	0	1	0	0	0	0	0	29	16	0	0	1	0	0	0	0
fsh-generated/resources/QuestionnaireResponse-ex-ems-questionnaireresponse.json	994	0	0	0	0	0	0	0	0	1	0	0	0	0	0	0	0	0	0	0	15	12	0	0	0	1	0	0	0
fsh-generated/resources/StructureDefinition-ems-allergyintolerance.json	3866	1	0	14	0	0	0	0	0	11	0	0	0	0	0	0	0	1	0	0	101	721	0	0	0	0	2	0	0
fsh-generated/resources/StructureDefinition-ems-claim.json	13670	1	0	47	0	0	0	0	0	25	0	0	1	0	0	0	0	1	0	0	431	635	0	0	0	0	6	0	1
fsh-generated/resources/StructureDefinition-ems-composition.json	17595	1	0	53	0	0	0	0	0	32	0	0	1	0	0	0	0	2	0	0	754	790	0	0	0	0	7	1	0
fsh-generated/resources/StructureDefinition-ems-condition-arrest.json	5650	1	0	14	0	0	0	0	0	8	0	0	0	0	1	0	0	0	0	0	142	427	0	0	0	0	2	0	0
fsh-generated/resources/StructureDefinition-ems-condition-injury.json	6565	1	0	19	0	0	0	0	0	6	0	0	0	0	0	0	0	1	0	0	134	437	0	0	0	0	2	0	1
fsh-generated/resources/StructureDefinition-ems-condition-problems.json	4554	0	0	60	0	0	0	0	0	4	0	0	0	0	0	0	0	0	0	0	124	578	0	0	0	0	2	0	0
fsh-generated/resources/StructureDefinition-ems-condition.json	4860	1	0	14	0	0	0	0	0	6	0	0	0	0	0	0	0	1	0	0	117	242	0	0	0	0	2	0	0
fsh-generated/resources/StructureDefinition-ems-coverage.json	6493	0	0	21	0	0	0	0	0	7	0	0	1	0	1	0	0	0	0	0	167	249	0	0	0	0	2	0	0
fsh-generated/resources/StructureDefinition-ems-device-vehicle.json	4487	1	0	21	0	0	0	0	0	28	0	0	0	0	0	0	0	1	0	0	200	590	0	0	0	0	3	0	0
fsh-generated/resources/StructureDefinition-ems-documentreference.json	4239	1	0	15	0	0	0	0	0	6	0	0	0	0	0	0	0	0	0	0	146	216	0	0	0	0	2	0	1
fsh-generated/resources/StructureDefinition-ems-encounter.json	20361	1	0	50	0	0	0	0	0	15	0	0	0	0	0	0	0	1	0	0	369	724	0	0	0	0	5	0	0
fsh-generated/resources/StructureDefinition-ems-location-agency.json	4552	1	0	13	0	0	0	0	0	6	0	0	1	0	0	0	0	0	0	0	127	146	0	0	0	0	2	0	0
fsh-generated/resources/StructureDefinition-ems-location-destination.json	4111	0	0	14	0	0	0	0	0	5	0	0	0	0	0	0	0	1	0	0	113	135	0	0	0	0	1	0	0
fsh-generated/resources/StructureDefinition-ems-location-scene.json	5391	1	0	21	0	0	0	0	0	8	0	0	0	0	1	0	0	0	0	0	128	131	0	0	0	0	2	0	1
fsh-generated/resources/StructureDefinition-ems-medicationadministration.json	7114	1	0	13	0	0	0	0	0	8	0	0	0	0	0	0	0	1	0	0	150	136	0	0	0	0	3	0	0
fsh-generated/resources/StructureDefinition-ems-medicationstatement.json	5871	0	0	13	0	0	0	0	0	7	0	0	0	0	0	0	0	0	0	0	160	244	0	0	0	0	2	1	1
fsh-generated/resources/StructureDefinition-ems-observation-airway.json	7562	1	0	15	0	0	0	0	0	9	0	0	1	0	0	0	0	1	0	0	213	248	0	0	0	0	3	0	0
fsh-generated/resources/StructureDefinition-ems-observation-bp.json	5998	1	0	19	0	0	0	0	0	9	0	0	0	0	1	0	0	1	0	0	227	287	0	0	0	0	3	0	0
fsh-generated/resources/StructureDefinition-ems-observation-exam.json	5782	0	0	10	0	0	0	0	0	6	0	0	0	0	0	0	0	0	0	0	144	234	0	0	0	0	3	0	1
fsh-generated/resources/StructureDefinition-ems-observation-gcs.json	6762	2	0	12	0	0	0	0	0	7	0	0	0	0	0	0	0	1	0	0	211	150	0	0	0	0	3	0	0
fsh-generated/resources/StructureDefinition-ems-observation-labs.json	6618	1	0	27	0	0	0	0	0	8	0	0	0	0	0	0	0	0	0	0	149	218	0	0	0	0	2	0	0
fsh-generated/resources/StructureDefinition-ems-observation-outcome.json	16170	1	0	30	0	0	0	0	0	22	0	0	0	0	1	0	0	1	0	0	574	444	0	0	0	0	6	0	0
fsh-generated/resources/StructureDefinition-ems-observation-vitalsigns.json	5897	1	0	11	0	0	0	0	0	7	0	0	1	0	0	0	0	1	0	0	169	133	0	0	0	0	3	0	1
fsh-generated/resources/StructureDefinition-ems-organization.json	6702	0	0	15	0	0	0	0	0	6	0	0	0	0	0	0	0	0	0	0	149	114	0	0	0	0	3	0	0
fsh-generated/resources/StructureDefinition-ems-patient.json	11196	1	0	17	0	0	0	0	0	9	0	0	0	0	0	0	0	0	0	0	221	187	0	0	0	0	3	0	0
fsh-generated/resources/StructureDefinition-ems-practitioner.json	5983	1	0	12	0	0	0	0	1	6	0	0	0	0	1	0	0	1	0	0	164	109	0	0	0	0	2	0	0
fsh-generated/resources/StructureDefinition-ems-practitionerrole.json	4640	0	0	9	0	0	0	0	0	4	0	0	0	0	0	0	0	0	0	0	105	74	0	0	0	0	2	1	0
fsh-generated/resources/StructureDefinition-ems-procedure.json	6880	1	0	10	0	0	0	0	0	4	0	0	0	0	0	0	0	0	0	0	139	86	0	0	0	0	2	0	1
fsh-generated/resources/StructureDefinition-ems-provenance.json	4562	0	0	13	0	0	0	0	0	6	0	0	1	0	1	0	0	1	0	0	168	123	0	0	0	0	2	0	0
fsh-generated/resources/StructureDefinition-ems-questionnaire.json	3769	1	0	10	0	0	0	0	0	5	0	0	0	0	0	1	0	0	0	0	162	97	0	0	0	0	2	0	0
fsh-generated/resources/StructureDefinition-ems-questionnaireresponse.json	3785	0	0	7	0	0	0	0	0	4	0	0	0	0	0	0	0	0	0	0	92	75	0	0	0	0	1	0	0
fsh-generated/resources/StructureDefinition-ext-ems-acn-incident.json	18367	2	0	10	0	0	0	0	0	13	0	0	0	0	0	0	0	0	0	0	327	140	0	0	0	0	3	0	1
fsh-generated/resources/StructureDefinition-ext-ems-additional-response-mode.json	1735	1	0	2	0	0	0	0	0	2	0	0	0	0	0	0	0	0	0	0	27	50	0	0	0	0	1	0	0
fsh-generated/resources/StructureDefinition-ext-ems-agency-configuration.json	15544	1	0	9	0	0	0	0	0	10	0	0	0	0	1	0	0	2	0	0	278	152	0	0	0	0	2	0	0
fsh-generated/resources/StructureDefinition-ext-ems-agency-details.json	6035	1	0	3	0	0	0	0	0	4	0	0	0	0	0	0	0	0	0	0	88	69	0	0	0	0	1	0	0
fsh-generated/resources/StructureDefinition-ext-ems-airway-context.json	11435	1	0	7	0	0	0	0	0	30	0	0	0	0	0	0	0	0	0	0	188	83	0	0	0	0	2	0	0
fsh-generated/resources/StructureDefinition-ext-ems-als-assessment.json	1413	1	0	19	0	0	0	0	0	2	0	0	0	0	0	0	0	0	0	0	23	38	0	0	1	0	0	0	0
fsh-generated/resources/StructureDefinition-ext-ems-alternate-residence.json	1685	0	0	1	0	0	0	0	0	1	0	0	0	0	1	0	0	0	0	0	24	44	0	0	0	0	1	0	0
fsh-generated/resources/StructureDefinition-ext-ems-ambulance-conditions.json	1624	0	0	1	1	0	0	0	0	2	0	0	0	0	0	0	0	0	0	0	23	56	0	0	0	0	0	0	0
fsh-generated/resources/StructureDefinition-ext-ems-ambulance-transport-reason.json	1597	1	0	1	0	0	0	0	0	1	0	0	0	0	0	0	0	0	0	0	25	64	0	0	0	0	0	0	0
fsh-generated/resources/StructureDefinition-ext-ems-arrest-context.json	18988	1	0	10	0	0	0	0	0	11	0	0	0	0	1	0	0	1	0	0	302	141	0	0	0	0	4	0	1
fsh-generated/resources/StructureDefinition-ext-ems-bp-method.json	1675	1	0	2	0	0	0	0	0	2	0	0	0	0	0	0	0	0	0	0	24	43	0	0	0	0	0	0	0
fsh-generated/resources/StructureDefinition-ext-ems-census-tract.json	1396	0	0	1	0	0	0	0	0	2	0	0	0	0	0	0	0	0	0	0	22	79	0	0	0	0	0	0	0
fsh-generated/resources/StructureDefinition-ext-ems-certification-level.json	1582	0	0	1	0	0	0	0	0	1	0	0	0	0	0	0	0	0	0	0	22	66	0	0	0	0	0	0	0
fsh-generated/resources/StructureDefinition-ext-ems-cms-service-level.json	1586	1	0	1	0	0	0	0	0	1	0	0	0	0	0	0	0	0	0	0	23	52	0	0	0	0	1	0	0
fsh-generated/resources/StructureDefinition-ext-ems-crew-safety.json	5324	0	0	3	0	0	0	0	0	3	0	0	0	0	0	0	0	0	0	0	85	59	0	0	0	0	1	0	0
fsh-generated/resources/StructureDefinition-ext-ems-custom-target.json	1505	1	0	1	0	0	0	0	0	1	0	0	0	0	1	0	0	0	0	0	24	47	0	0	0	0	0	0	0
fsh-generated/resources/StructureDefinition-ext-ems-destination-details.json	10252	1	0	6	0	0	0	0	0	6	0	0	0	0	0	0	0	0	0	0	199	79	0	0	0	0	1	0	0
fsh-generated/resources/StructureDefinition-ext-ems-dispatch-info.json	6400	0	0	3	0	0	0	0	0	5	0	0	0	0	0	0	0	0	0	0	101	93	0	0	0	0	1	1	0
fsh-generated/resources/StructureDefinition-ext-ems-dispatch-reason.json	1535	1	0	1	0	0	0	0	0	1	0	0	0	0	0	0	0	0	0	0	24	41	0	0	0	0	0	0	0
fsh-generated/resources/StructureDefinition-ext-ems-disposition-codes.json	9414	1	0	5	0	0	0	0	0	5	0	0	1	0	0	0	0	0	0	0	142	69	0	0	0	0	2	0	0
fsh-generated/resources/StructureDefinition-ext-ems-document-type.json	1732	0	0	2	0	0	0	0	0	2	0	0	0	0	0	0	0	0	0	0	27	39	0	0	0	0	0	0	0
fsh-generated/resources/StructureDefinition-ext-ems-ecg-context.json	3323	1	0	4	0	0	0	0	0	3	0	0	0	0	1	0	0	1	0	0	58	50	0	0	0	0	1	0	0
fsh-generated/resources/StructureDefinition-ext-ems-history-context.json	10448	1	0	6	0	0	0	0	0	6	0	0	0	0	0	0	0	0	0	0	166	79	0	0	0	0	1	0	1
fsh-generated/resources/StructureDefinition-ext-ems-incident-type.json	1701	0	0	3	0	0	0	0	0	2	0	0	0	0	0	0	0	0	0	0	25	39	0	0	0	0	0	0	0
fsh-generated/resources/StructureDefinition-ext-ems-injury-context.json	11625	1	0	7	0	0	0	0	0	7	0	0	0	0	0	0	0	0	0	0	185	121	0	0	0	0	2	0	0
fsh-generated/resources/StructureDefinition-ext-ems-medical-director.json	5431	1	0	3	0	0	0	0	0	4	0	0	0	0	0	0	0	1	0	0	87	61	0	0	0	0	1	0	0
fsh-generated/resources/StructureDefinition-ext-ems-medication-context.json	6708	1	0	5	0	0	0	0	0	4	0	0	0	0	0	0	0	0	0	0	106	121	0	0	0	0	1	0	0
fsh-generated/resources/StructureDefinition-ext-ems-mileage-to-closest.json	1713	0	0	2	0	0	0	0	0	2	0	0	0	0	1	0	0	0	0	0	38	53	0	0	0	0	0	0	0
fsh-generated/resources/StructureDefinition-ext-ems-not-value.json	1759	0	0	1	0	0	0	0	0	1	0	0	0	0	0	0	0	0	0	0	25	48	0	0	0	0	1	0	0
fsh-generated/resources/StructureDefinition-ext-ems-other-context.json	5323	1	0	3	0	0	0	0	0	4	0	0	0	0	0	0	0	0	0	0	85	98	0	0	0	0	0	0	0
fsh-generated/resources/StructureDefinition-ext-ems-pain-scale-type.json	1608	0	0	2	0	0	0	0	0	1	0	0	0	0	0	0	0	0	0	0	22	47	0	0	0	0	1	0	0
fsh-generated/resources/StructureDefinition-ext-ems-patient-age.json	3615	1	0	2	0	0	0	0	0	2	0	0	0	0	0	0	0	0	0	0	55	66	0	0	0	0	0	0	1
fsh-generated/resources/StructureDefinition-ext-ems-patient-barrier.json	1813	0	0	2	0	0	0	0	0	1	0	0	0	0	0	0	0	0	0	0	24	42	0	0	0	0	1	0	0
fsh-generated/resources/StructureDefinition-ext-ems-payer-type.json	1493	1	0	1	0	0	0	0	0	1	0	0	0	0	1	0	0	0	0	0	24	43	0	0	0	0	0	0	0
fsh-generated/resources/StructureDefinition-ext-ems-pertinent-negative.json	1734	0	0	2	0	0	0	0	0	1	0	0	0	0	0	0	0	0	0	0	25	68	0	0	0	0	0	0	0
fsh-generated/resources/StructureDefinition-ext-ems-primary-payment-method.json	1567	0	0	1	0	0	0	0	0	1	0	0	0	0	0	0	0	0	0	0	24	47	0	0	0	0	0	0	0
fsh-generated/resources/StructureDefinition-ext-ems-procedure-context.json	7706	1	0	5	0	0	0	0	0	5	0	0	0	0	0	0	0	1	0	0	125	90	0	0	0	0	1	0	0
fsh-generated/resources/StructureDefinition-ext-ems-protocol-used.json	1507	1	0	2	0	0	0	0	1	1	0	0	0	0	0	0	0	0	0	0	38	46	0	0	0	0	1	0	0
fsh-generated/resources/StructureDefinition-ext-ems-response-delays.json	6664	0	0	4	0	0	0	0	0	4	0	0	0	0	1	0	0	0	0	0	106	72	0	0	0	0	1	0	0
fsh-generated/resources/StructureDefinition-ext-ems-response-mode.json	1621	1	0	1	0	0	0	0	0	1	0	0	0	0	0	0	0	0	0	0	24	344	0	0	0	0	0	0	0
fsh-generated/resources/StructureDefinition-ext-ems-response-type.json	1529	0	0	1	0	0	0	0	0	1	0	0	0	0	0	0	0	0	0	0	23	269	0	0	0	0	0	0	0
fsh-generated/resources/StructureDefinition-ext-ems-response-urgency.json	1552	0	0	1	0	0	0	0	0	1	0	0	0	0	0	0	0	0	0	0	25	57	0	0	0	0	1	0	0
fsh-generated/resources/StructureDefinition-ext-ems-scene-details.json	6852	1	0	4	0	0	0	0	0	4	0	0	0	0	0	0	0	0	0	0	108	71	0	0	0	0	0	0	0
fsh-generated/resources/StructureDefinition-ext-ems-scene-gps.json	2538	1	0	2	0	0	0	0	0	2	0	0	0	0	1	0	0	1	0	0	55	63	0	0	0	0	1	0	0
fsh-generated/resources/StructureDefinition-ext-ems-signature-context.json	8287	0	0	5	0	0	0	0	0	5	0	0	0	0	0	0	0	0	0	0	134	107	0	0	0	0	3	0	1
fsh-generated/resources/StructureDefinition-ext-ems-stroke-scale-context.json	3318	1	0	4	0	0	0	0	0	3	0	0	0	0	0	0	0	0	0	0	58	60	0	0	0	0	0	0	0
fsh-generated/resources/StructureDefinition-ext-ems-times.json	11262	1	0	7	0	0	0	0	0	8	0	0	0	0	0	0	0	0	0	0	216	137	0	0	0	0	2	0	0
fsh-generated/resources/StructureDefinition-ext-ems-transport-assessment.json	1646	1	0	1	0	0	0	0	0	1	0	0	0	0	1	0	0	0	0	0	27	47	0	0	0	0	1	0	0
fsh-generated/resources/StructureDefinition-ext-ems-transport-details.json	4957	0	0	3	0	0	0	0	0	3	0	0	0	0	0	0	0	1	0	0	74	76	0	0	0	0	1	0	1
fsh-generated/resources/StructureDefinition-ext-ems-transport-reason.json	1705	1	0	2	0	0	0	0	0	2	0	0	0	0	0	0	0	0	0	0	25	46	0	0	0	0	0	0	0
fsh-generated/resources/StructureDefinition-ext-ems-unit-type.json	1457	0	0	1	0	0	0	0	0	1	0	0	0	0	0	0	0	0	0	0	23	44	0	0	0	0	0	0	0
fsh-generated/resources/StructureDefinition-ext-ems-unit.json	3013	1	0	2	0	0	0	0	0	2	0	0	0	0	1	0	0	0	0	0	55	57	0	0	0	0	0	0	0
fsh-generated/resources/StructureDefinition-ext-ems-usng.json	1362	0	0	1	1	0	0	0	0	2	0	0	0	0	0	0	0	0	0	0	22	39	0	0	0	0	1	0	0
fsh-generated/resources/StructureDefinition-ext-ems-vital-obtained-prior.json	1769	0	0	1	0	0	0	0	0	1	0	0	0	0	0	0	0	0	0	0	23	41	0	0	0	0	0	0	0
fsh-generated/resources/ValueSet-vs-ems-acn-seat-location.json	1636	1	0	0	0	0	0	0	0	25	0	0	0	0	0	0	0	0	0	0	6	101	0	0	0	0	0	0	0
fsh-generated/resources/ValueSet-vs-ems-additional-response-mode.json	2178	0	0	0	0	0	0	0	0	1	0	0	0	0	1	0	0	0	0	0	7	21	0	0	0	0	0	0	0
fsh-generated/resources/ValueSet-vs-ems-additional-transport-mode.json	1991	0	0	0	0	0	0	0	0	1	0	0	0	0	0	0	0	0	0	0	7	16	0	0	0	0	0	0	0
fsh-generated/resources/ValueSet-vs-ems-advance-directives.json	1347	0	0	0	0	0	0	0	0	1	0	0	0	0	0	0	0	0	0	0	4	15	0	0	0	0	0	0	0
fsh-generated/resources/ValueSet-vs-ems-aed-use.json	946	0	0	0	0	0	0	0	0	0	0	0	0	0	1	0	0	0	0	0	4	13	0	0	0	0	0	0	0
fsh-generated/resources/ValueSet-vs-ems-age-units.json	1151	0	0	0	0	0	0	0	1	1	0	0	0	0	0	0	0	0	0	0	5	14	0	0	0	0	0	0	0
fsh-generated/resources/ValueSet-vs-ems-agency-contact-type.json	1710	1	0	0	0	0	0	0	0	1	0	0	0	0	0	0	0	0	0	0	5	14	0	0	0	0	1	0	0
fsh-generated/resources/ValueSet-vs-ems-agency-level-of-service.json	2017	0	0	0	0	0	0	0	0	0	0	0	0	0	0	0	0	0	0	0	7	16	0	0	0	0	0	0	0
fsh-generated/resources/ValueSet-vs-ems-agency-location-type.json	1076	0	0	0	0	0	0	0	0	1	0	0	0	0	0	0	0	0	0	0	4	14	0	0	0	0	0	0	0
fsh-generated/resources/ValueSet-vs-ems-agency-org-status.json	991	0	0	0	0	0	0	0	0	0	0	0	0	0	0	0	0	0	0	0	3	13	0	0	0	0	0	0	0
fsh-generated/resources/ValueSet-vs-ems-agency-org-type.json	1162	0	0	0	0	0	0	0	0	1	0	0	0	0	1	0	0	0	0	0	5	14	0	0	0	0	0	0	0
fsh-generated/resources/ValueSet-vs-ems-agency-service-type.json	1692	1	0	0	0	0	0	0	0	0	0	0	0	0	0	0	0	0	0	0	5	15	0	0	0	0	0	0	0
fsh-generated/resources/ValueSet-vs-ems-airbag-deployment.json	1212	0	0	0	0	0	0	0	0	1	0	0	0	0	0	0	0	0	0	0	6	13	0	0	0	0	0	0	0
fsh-generated/resources/ValueSet-vs-ems-airway-complications.json	2126	0	0	0	0	0	0	0	0	0	0	0	0	0	0	0	0	0	0	0	8	14	0	0	0	0	0	0	0
fsh-generated/resources/ValueSet-vs-ems-airway-confirmation-method.json	1850	0	0	0	0	0	0	0	0	1	0	0	0	0	1	0	0	0	0	0	6	14	0	0	0	0	1	0	0
fsh-generated/resources/ValueSet-vs-ems-airway-confirming-person.json	1250	0	0	0	0	0	0	0	0	1	0	0	0	0	0	0	0	0	0	0	5	15	0	0	0	0	0	0	0
fsh-generated/resources/ValueSet-vs-ems-airway-device.json	1424	1	0	0	0	0	0	0	0	0	0	0	0	0	0	0	0	0	0	0	5	14	0	0	0	0	0	0	0
fsh-generated/resources/ValueSet-vs-ems-airway-failure-reasons.json	1837	0	0	0	0	0	0	0	0	1	0	0	0	0	0	0	0	1	0	0	6	15	0	0	0	0	0	0	0
fsh-generated/resources/ValueSet-vs-ems-airway-indications.json	1452	0	0	0	0	0	0	0	0	0	0	0	0	0	1	0	0	0	0	0	4	13	0	0	0	0	0	0	0
fsh-generated/resources/ValueSet-vs-ems-airway-technique.json	1315	0	0	0	0	0	0	0	0	1	0	0	0	0	0	0	0	1	0	0	6	13	0	0	0	0	0	0	0
fsh-generated/resources/ValueSet-vs-ems-alcohol-drug-use.json	1657	1	0	0	0	0	0	0	0	1	0	0	0	0	0	0	0	0	0	0	6	15	0	0	0	0	0	0	0
fsh-generated/resources/ValueSet-vs-ems-alternate-residence.json	1045	0	0	0	0	0	0	0	0	0	0	0	0	0	0	0	0	0	0	0	5	13	0	0	0	0	0	0	0
fsh-generated/resources/ValueSet-vs-ems-ambulance-conditions.json	1637	0	0	0	0	0	0	0	1	1	0	0	0	0	0	0	0	0	0	0	6	13	0	0	0	0	0	0	0
fsh-generated/resources/ValueSet-vs-ems-ambulance-transport-reason.json	1436	0	0	0	0	0	0	0	0	0	0	0	0	0	0	0	0	0	0	0	6	13	0	0	0	0	1	0	0
fsh-generated/resources/ValueSet-vs-ems-arrest-end-event.json	1328	0	0	0	0	0	0	0	0	21	0	0	0	0	1	0	0	0	0	0	7	13	0	0	0	0	0	0	0
fsh-generated/resources/ValueSet-vs-ems-arrest-etiology.json	1461	1	0	0	0	0	0	0	0	1	0	0	0	0	0	0	0	0	0	0	5	20	0	0	0	0	0	0	0
fsh-generated/resources/ValueSet-vs-ems-arrest-first-responder.json	2975	0	0	0	0	0	0	0	0	1	0	0	0	0	0	0	0	0	0	0	9	26	0	0	0	0	0	0	0
fsh-generated/resources/ValueSet-vs-ems-arrest-witnessed.json	1085	0	0	0	0	0	0	0	0	1	0	0	0	0	0	0	0	0	0	0	4	13	0	0	0	0	0	0	0
fsh-generated/resources/ValueSet-vs-ems-authorization-type.json	1165	0	0	0	0	0	0	0	0	0	0	0	0	0	0	0	0	0	0	0	5	13	0	0	0	0	0	0	0
fsh-generated/resources/ValueSet-vs-ems-avpu.json	1029	0	0	0	0	0	0	0	0	1	0	0	0	0	0	0	0	0	0	0	4	12	0	0	0	0	0	0	0
fsh-generated/resources/ValueSet-vs-ems-barrier-to-patient-care.json	2558	1	0	0	0	0	0	0	0	1	0	0	0	0	1	0	0	0	0	0	8	16	0	0	0	0	0	0	0
fsh-generated/resources/ValueSet-vs-ems-bp-method.json	1272	0	0	0	0	0	0	0	0	0	0	0	0	0	0	0	0	0	0	0	5	14	0	0	0	0	0	0	0
fsh-generated/resources/ValueSet-vs-ems-cardiac-arrest.json	1081	0	0	0	0	0	0	0	0	1	0	0	0	0	0	0	0	0	0	0	5	15	0	0	0	0	0	0	0
fsh-generated/resources/ValueSet-vs-ems-cardiac-rhythm.json	4592	0	0	0	0	0	0	0	0	1	0	0	0	0	0	0	0	0	0	0	12	20	0	0	0	0	0	0	0
fsh-generated/resources/ValueSet-vs-ems-caregiver-level.json	2940	1	0	0	0	0	0	0	0	1	0	0	0	0	0	0	0	0	0	0	8	15	0	0	0	0	0	0	1
fsh-generated/resources/ValueSet-vs-ems-certification-level.json	2424	0	0	0	0	0	0	0	0	0	0	0	0	0	0	0	0	0	0	0	10	14	0	0	0	0	1	0	0
fsh-generated/resources/ValueSet-vs-ems-clinical-response.json	1018	0	0	0	0	0	0	0	0	1	0	0	0	0	1	0	0	0	0	0	5	12	0	0	0	0	0	0	0
fsh-generated/resources/ValueSet-vs-ems-cms-service-level.json	1565	0	0	0	0	0	0	0	0	1	0	0	0	0	0	0	0	0	0	0	6	14	0	0	0	0	0	0	0
fsh-generated/resources/ValueSet-vs-ems-cpr-discontinued-reason.json	1360	1	0	0	0	0	0	0	0	0	0	0	0	0	0	0	0	0	0	0	5	13	0	0	0	0	0	0	0
fsh-generated/resources/ValueSet-vs-ems-cpr-type.json	2132	0	0	0	0	0	0	0	0	1	0	0	0	0	0	0	0	0	0	0	7	47	0	0	0	0	0	0	0
fsh-generated/resources/ValueSet-vs-ems-crew-disposition.json	1582	0	0	0	0	0	0	0	1	1	0	0	0	0	0	0	0	0	0	0	7	19	0	0	0	0	0	0	0
fsh-generated/resources/ValueSet-vs-ems-crew-ppe.json	1787	0	0	0	0	0	0	0	0	1	0	0	0	0	0	0	0	0	0	0	7	15	0	0	0	0	0	0	0
fsh-generated/resources/ValueSet-vs-ems-crew-role.json	1428	0	0	0	0	0	0	0	0	0	0	0	0	0	1	0	0	0	0	0	6	14	0	0	0	0	0	0	0
fsh-generated/resources/ValueSet-vs-ems-destination-reason.json	1808	1	0	0	0	0	0	0	0	1	0	0	0	0	0	0	0	0	0	0	6	13	0	0	0	0	0	0	0
fsh-generated/resources/ValueSet-vs-ems-destination-type.json	2763	0	0	0	0	0	0	0	0	1	0	0	0	0	0	0	0	0	0	0	8	13	0	0	0	0	0	0	0
fsh-generated/resources/ValueSet-vs-ems-director-compensation.json	892	0	0	0	0	0	0	0	0	0	0	0	0	0	0	0	0	0	0	0	5	11	0	0	0	0	0	0	0
fsh-generated/resources/ValueSet-vs-ems-disaster-type.json	2596	1	0	0	0	0	0	0	0	1	0	0	0	0	0	0	0	1	0	0	7	13	0	0	0	0	0	0	0
fsh-generated/resources/ValueSet-vs-ems-discharge-disposition.json	3708	0	0	0	0	0	0	0	0	1	0	0	0	0	0	0	0	0	0	0	8	13	0	0	0	0	1	0	0
fsh-generated/resources/ValueSet-vs-ems-dispatch-delay.json	1959	0	0	0	0	0	0	0	0	1	0	0	0	0	1	0	0	0	0	0	7	15	0	0	0	0	0	0	0
fsh-generated/resources/ValueSet-vs-ems-dispatch-priority.json	1110	0	0	0	0	0	0	0	0	1	0	0	0	0	0	0	0	0	0	0	4	12	0	0	0	0	0	0	0
fsh-generated/resources/ValueSet-vs-ems-dispatch-reason.json	836	1	0	0	0	0	0	0	0	1	0	0	0	0	0	0	0	0	0	0	3	45	0	0	0	0	0	0	0
fsh-generated/resources/ValueSet-vs-ems-disposition-instructions.json	1791	0	0	0	0	0	0	0	0	0	0	0	0	0	0	0	0	0	0	0	6	16	0	0	0	0	0	0	0
fsh-generated/resources/ValueSet-vs-ems-ecg-method.json	1100	0	0	0	0	0	0	0	0	1	0	0	0	0	0	0	0	0	0	0	4	12	0	0	0	0	0	0	0
fsh-generated/resources/ValueSet-vs-ems-ecg-type.json	1497	1	0	0	0	0	0	0	0	1	0	0	0	0	1	0	0	0	0	0	5	14	0	0	0	0	0	0	0
fsh-generated/resources/ValueSet-vs-ems-emd-performed.json	1149	0	0	0	0	0	0	0	0	0	0	0	0	0	0	0	0	0	0	0	4	13	0	0	0	0	0	0	0
fsh-generated/resources/ValueSet-vs-ems-emd-provided.json	1021	0	0	0	0	0	0	0	0	0	0	0	0	0	0	0	0	0	0	0	4	13	0	0	0	0	0	0	0
fsh-generated/resources/ValueSet-vs-ems-exam-abd-location.json	1406	0	0	0	0	0	0	0	0	1	0	0	0	0	0	0	0	0	0	0	5	16	0	0	0	0	0	0	0
fsh-generated/resources/ValueSet-vs-ems-exam-abdomen.json	3404	1	0	0	0	0	0	0	0	1	0	0	0	0	0	0	0	0	0	0	11	20	0	0	0	0	0	0	0
fsh-generated/resources/ValueSet-vs-ems-exam-back-location.json	2148	0	0	0	0	0	0	0	1	1	0	0	0	0	1	0	0	0	0	0	7	12	0	0	0	0	0	0	0
fsh-generated/resources/ValueSet-vs-ems-exam-back-spine.json	2994	0	0	0	0	0	0	0	0	1	0	0	0	0	0	0	0	0	0	0	8	19	0	0	0	0	0	0	0
fsh-generated/resources/ValueSet-vs-ems-exam-chest-location.json	1288	0	0	0	0	0	0	0	0	0	0	0	0	0	0	0	0	0	0	0	5	13	0	0	0	0	1	0	0
fsh-generated/resources/ValueSet-vs-ems-exam-chest.json	2946	0	0	0	0	0	0	0	0	3	0	0	0	0	1	0	0	0	0	0	8	17	0	0	0	0	0	0	0
fsh-generated/resources/ValueSet-vs-ems-exam-extremities.json	4961	1	0	0	0	0	0	0	0	1	0	0	0	0	0	0	0	0	0	0	12	16	0	0	0	0	0	0	0
fsh-generated/resources/ValueSet-vs-ems-exam-extremity-location.json	6237	0	0	0	0	0	0	0	0	2	0	0	0	0	0	0	0	0	0	0	15	17	0	0	0	0	0	0	0
fsh-generated/resources/ValueSet-vs-ems-exam-eye-location.json	961	0	0	0	0	0	0	0	0	1	0	0	0	0	0	0	0	0	0	0	4	14	0	0	0	0	0	0	0
fsh-generated/resources/ValueSet-vs-ems-exam-eye.json	3616	1	0	0	0	0	0	0	0	2	0	0	0	0	0	0	0	0	0	0	9	16	0	0	0	0	0	0	0
fsh-generated/resources/ValueSet-vs-ems-exam-face.json	2807	0	0	0	0	0	0	0	0	1	0	0	0	0	1	0	0	0	0	0	8	16	0	0	0	0	0	0	0
fsh-generated/resources/ValueSet-vs-ems-exam-head.json	2794	0	0	0	0	0	0	0	1	1	0	0	0	0	0	0	0	1	0	0	10	17	0	0	0	0	0	0	0
fsh-generated/resources/ValueSet-vs-ems-exam-heart.json	1648	1	0	0	0	0	0	0	0	1	0	0	0	0	0	0	0	0	0	0	5	12	0	0	0	0	0	0	0
fsh-generated/resources/ValueSet-vs-ems-exam-length-tape.json	1505	0	0	0	0	0	0	0	0	0	0	0	0	0	0	0	0	0	0	0	28	13	0	0	0	0	0	0	1
fsh-generated/resources/ValueSet-vs-ems-exam-lung-location.json	966	0	0	0	0	0	0	0	0	1	0	0	0	0	1	0	0	0	0	0	8	12	0	0	0	0	0	0	0
fsh-generated/resources/ValueSet-vs-ems-exam-lung.json	2224	0	0	0	0	0	0	0	0	1	0	0	0	0	0	0	0	0	0	0	7	13	0	0	0	0	1	0	0
fsh-generated/resources/ValueSet-vs-ems-exam-mental-status.json	3121	1	0	0	0	0	0	0	0	1	0	0	0	0	0	0	0	0	0	0	10	15	0	0	0	0	0	0	0
fsh-generated/resources/ValueSet-vs-ems-exam-neck.json	3094	0	0	0	0	0	0	0	0	1	0	0	0	0	0	0	0	0	0	0	9	14	0	0	0	0	0	0	0
fsh-generated/resources/ValueSet-vs-ems-exam-neurological.json	3297	0	0	0	0	0	0	0	0	2	0	0	0	0	0	0	0	0	0	0	9	13	0	0	0	0	0	0	0
fsh-generated/resources/ValueSet-vs-ems-exam-pelvic-gu.json	3448	1	0	0	0	0	0	0	0	1	0	0	0	0	1	0	0	0	0	0	10	13	0	0	0	0	0	0	0
fsh-generated/resources/ValueSet-vs-ems-exam-skin.json	2537	0	0	0	0	0	0	0	0	1	0	0	0	0	0	0	0	0	0	0	9	13	0	0	0	0	0	0	0
fsh-generated/resources/ValueSet-vs-ems-exam-stroke-resolved.json	1036	0	0	0	0	0	0	0	0	0	0	0	0	0	1	0	0	0	0	0	4	14	0	0	0	0	0	0	0
fsh-generated/resources/ValueSet-vs-ems-external-document-type.json	2110	0	0	0	0	0	0	0	0	1	0	0	0	0	0	0	0	0	0	0	7	14	0	0	0	0	0	0	0
fsh-generated/resources/ValueSet-vs-ems-external-report-type.json	1973	1	0	0	0	0	0	0	1	0	0	0	0	0	0	0	0	0	0	0	6	13	0	0	0	0	0	0	0
fsh-generated/resources/ValueSet-vs-ems-first-rhythm.json	1394	0	0	0	0	0	0	0	0	1	0	0	0	0	0	0	0	0	0	0	4	14	0	0	0	0	0	0	0
fsh-generated/resources/ValueSet-vs-ems-gcs-qualifier.json	1265	0	0	0	0	0	0	0	0	0	0	0	0	0	0	0	0	0	0	0	4	12	0	0	0	0	1	0	0
fsh-generated/resources/ValueSet-vs-ems-history-med-dosage-units.json	3620	0	0	0	0	0	0	0	0	1	0	0	0	0	0	0	0	0	0	0	11	16	0	0	0	0	2	0	0
fsh-generated/resources/ValueSet-vs-ems-history-obtained-from.json	1094	1	0	0	0	0	0	0	0	1	0	0	0	0	1	0	0	0	0	0	5	11	0	0	0	0	0	0	0
fsh-generated/resources/ValueSet-vs-ems-hospital-capability.json	2923	0	0	0	0	0	0	0	0	1	0	0	0	0	0	0	0	0	0	0	9	15	0	0	0	0	0	0	0
fsh-generated/resources/ValueSet-vs-ems-hospital-destination.json	3488	0	0	0	1	0	0	0	0	2	0	0	0	0	0	0	0	0	0	0	10	15	0	0	0	0	0	0	0
fsh-generated/resources/ValueSet-vs-ems-imaging-study-type.json	1370	0	0	0	0	0	0	0	0	0	0	0	0	0	0	0	0	0	0	0	4	11	0	0	0	0	0	0	0
fsh-generated/resources/ValueSet-vs-ems-immunization-type.json	3288	1	0	0	0	0	0	0	0	1	0	0	0	0	0	0	0	0	0	0	9	14	0	0	0	0	0	0	0
fsh-generated/resources/ValueSet-vs-ems-incident-type.json	1530	0	0	0	0	0	0	0	0	1	0	0	0	0	0	0	0	0	0	0	5	15	0	0	0	0	0	0	0
fsh-generated/resources/ValueSet-vs-ems-initial-acuity.json	1195	0	0	0	0	0	0	0	0	0	0	0	0	0	1	0	0	0	0	0	3	15	0	0	0	0	0	0	0
fsh-generated/resources/ValueSet-vs-ems-insurance-billing-priority.json	2011	0	0	0	0	0	0	0	0	1	0	0	0	0	0	0	0	0	0	0	7	13	0	0	0	0	0	0	0
fsh-generated/resources/ValueSet-vs-ems-insured-relationship.json	1528	1	0	0	0	0	0	0	0	1	0	0	0	0	0	0	0	0	0	0	6	22	0	0	0	0	0	0	0
fsh-generated/resources/ValueSet-vs-ems-lab-result-type.json	8276	0	0	0	0	0	0	0	1	2	0	0	0	0	0	0	0	0	0	0	20	28	0	0	0	0	1	0	0
fsh-generated/resources/ValueSet-vs-ems-level-of-care.json	1435	0	0	0	0	0	0	0	0	0	0	0	0	0	0	0	0	0	0	0	5	13	0	0	0	0	0	0	0
fsh-generated/resources/ValueSet-vs-ems-mci-triage-class.json	1191	0	0	0	0	0	0	0	0	1	0	0	0	0	0	0	0	0	0	0	4	14	0	0	0	0	0	0	0
fsh-generated/resources/ValueSet-vs-ems-mechanism-of-injury.json	1046	1	0	0	0	0	0	0	0	1	0	0	0	0	1	0	0	0	0	0	5	13	0	0	0	0	0	0	0
fsh-generated/resources/ValueSet-vs-ems-med-frequency.json	2223	0	0	0	0	0	0	0	0	1	0	0	0	0	0	0	0	0	0	0	9	12	0	0	0	0	0	0	0
fsh-generated/resources/ValueSet-vs-ems-medical-director-board-cert.json	2898	0	0	0	0	0	0	0	0	0	0	0	0	0	0	0	0	1	0	0	10	13	0	0	0	0	0	0	0
fsh-generated/resources/ValueSet-vs-ems-medical-director-degree.json	901	0	0	0	0	0	0	0	0	1	0	0	0	0	0	0	0	0	0	0	3	10	0	0	0	0	0	0	0
fsh-generated/resources/ValueSet-vs-ems-medication-complication.json	2766	1	0	0	0	0	0	0	0	1	0	0	0	0	0	0	0	0	0	0	8	13	0	0	0	0	0	0	0
fsh-generated/resources/ValueSet-vs-ems-medication-dosage-units.json	3531	0	0	0	0	0	0	0	0	1	0	0	0	0	0	0	0	0	0	0	12	20	0	0	0	0	0	0	0
fsh-generated/resources/ValueSet-vs-ems-medication-route.json	4270	0	0	0	0	0	0	0	0	1	0	0	0	0	1	0	0	0	0	0	13	17	0	0	0	0	0	0	0
fsh-generated/resources/ValueSet-vs-ems-monitoring-capability.json	1823	0	0	0	0	0	0	0	1	1	0	0	0	0	0	0	0	1	0	0	6	15	0	0	0	0	1	0	0
fsh-generated/resources/ValueSet-vs-ems-neurological-outcome.json	1160	1	0	0	0	0	0	0	1	1	0	0	0	0	0	0	0	0	0	0	5	12	0	0	0	0	0	0	0
fsh-generated/resources/ValueSet-vs-ems-not-value.json	1006	0	0	0	0	0	0	0	0	0	0	0	0	0	0	0	0	0	0	0	5	33	0	0	0	0	0	0	0
fsh-generated/resources/ValueSet-vs-ems-osha-ppe.json	1442	0	0	0	0	0	0	0	0	1	0	0	0	0	0	0	0	0	0	0	5	15	0	0	0	0	0	0	0
fsh-generated/resources/ValueSet-vs-ems-pain-scale-type.json	1111	0	0	0	0	0	0	0	0	0	0	0	0	0	1	0	0	0	0	0	4	19	0	0	0	0	0	0	0
fsh-generated/resources/ValueSet-vs-ems-patient-acuity.json	1350	1	0	0	0	0	0	0	0	1	0	0	0	0	0	0	0	0	0	0	5	17	0	0	0	0	0	0	0
fsh-generated/resources/ValueSet-vs-ems-patient-eval-care.json	1283	0	0	0	0	0	0	0	1	0	0	0	0	0	0	0	0	0	0	0	5	14	0	0	0	0	0	0	0
fsh-generated/resources/ValueSet-vs-ems-patient-representative.json	3135	0	0	0	0	0	0	0	1	1	0	0	0	0	0	0	0	0	0	0	9	11	0	0	0	0	0	0	0
fsh-generated/resources/ValueSet-vs-ems-patient-transport-assessment.json	1092	0	0	0	0	0	0	0	0	1	0	0	0	0	0	0	0	0	0	0	5	11	0	0	0	0	0	0	0
fsh-generated/resources/ValueSet-vs-ems-payer-type.json	2943	1	0	0	0	0	0	0	0	0	0	0	0	0	1	0	0	0	0	0	8	12	0	0	0	0	0	0	0
fsh-generated/resources/ValueSet-vs-ems-payment-method.json	1857	0	0	0	0	0	0	0	0	1	0	0	0	0	0	0	0	0	0	0	6	11	0	0	0	0	0	0	0
fsh-generated/resources/ValueSet-vs-ems-pertinent-negative.json	2279	0	0	0	0	0	0	0	0	1	0	0	0	0	0	0	0	0	0	0	9	12	0	0	0	0	0	0	0
fsh-generated/resources/ValueSet-vs-ems-pre-arrival-alert.json	1690	0	0	0	0	0	0	0	0	1	0	0	0	0	0	0	0	0	0	0	5	10	0	0	0	0	1	0	0
fsh-generated/resources/ValueSet-vs-ems-pregnancy.json	1276	1	0	0	0	0	0	0	0	0	0	0	0	0	0	0	0	0	0	0	5	11	0	0	0	0	0	0	0
fsh-generated/resources/ValueSet-vs-ems-procedure-complication.json	2978	0	0	0	0	0	0	0	0	1	0	0	0	0	0	0	0	0	0	0	9	14	0	0	0	0	0	0	0
fsh-generated/resources/ValueSet-vs-ems-protocol-used.json	13307	1	0	0	0	0	0	0	0	3	0	0	0	0	1	0	0	0	0	0	32	31	0	0	0	0	0	0	1
fsh-generated/resources/ValueSet-vs-ems-pulse-rhythm.json	951	0	0	0	0	0	0	0	0	0	0	0	0	0	0	0	0	1	0	0	4	13	0	0	0	0	0	0	0
fsh-generated/resources/ValueSet-vs-ems-reason-for-refusal.json	1756	0	0	0	0	0	0	0	0	1	0	0	0	0	0	0	0	0	0	0	6	11	0	0	0	0	0	0	0
fsh-generated/resources/ValueSet-vs-ems-registry-candidate.json	1640	0	0	0	0	0	0	0	1	0	0	0	0	0	0	0	0	0	0	0	5	11	0	0	0	0	0	0	0
fsh-generated/resources/ValueSet-vs-ems-reperfusion-checklist.json	1113	1	0	0	0	0	0	0	0	1	0	0	0	0	0	0	0	0	0	0	4	11	0	0	0	0	0	0	0
fsh-generated/resources/ValueSet-vs-ems-respiratory-effort.json	1347	0	0	0	0	0	0	0	0	0	0	0	0	0	1	0	0	0	0	0	5	11	0	0	0	0	0	0	0
fsh-generated/resources/ValueSet-vs-ems-response-delay.json	2516	0	0	0	0	0	0	0	0	1	0	0	0	0	0	0	0	0	0	0	7	11	0	0	0	0	1	0	0
fsh-generated/resources/ValueSet-vs-ems-response-mode.json	1158	0	0	0	0	0	0	0	0	0	0	0	0	0	0	0	0	0	0	0	4	12	0	0	0	0	0	0	0
fsh-generated/resources/ValueSet-vs-ems-response-type.json	2698	1	0	0	0	0	0	0	0	1	0	0	0	0	0	0	0	0	0	0	8	16	0	0	0	0	0	0	0
fsh-generated/resources/ValueSet-vs-ems-response-urgency.json	869	0	0	0	0	0	0	0	0	1	0	0	0	0	1	0	0	0	0	0	5	13	0	0	0	0	0	0	0
fsh-generated/resources/ValueSet-vs-ems-resuscitation-attempted.json	1362	0	0	0	0	0	0	0	0	0	0	0	0	0	0	0	0	0	0	0	7	14	0	0	0	0	0	0	0
fsh-generated/resources/ValueSet-vs-ems-rosc.json	1072	0	0	0	0	0	0	0	0	1	0	0	0	0	0	0	0	0	0	0	5	12	0	0	0	0	0	0	0
fsh-generated/resources/ValueSet-vs-ems-safety-equipment.json	2131	0	0	0	0	0	0	0	0	0	0	0	0	0	0	0	0	0	0	0	7	12	0	0	0	0	0	0	0
fsh-generated/resources/ValueSet-vs-ems-scene-delay.json	2620	1	0	0	0	0	0	0	0	1	0	0	0	0	0	0	0	0	0	0	8	13	0	0	0	0	0	0	0
fsh-generated/resources/ValueSet-vs-ems-seat-row-location.json	2468	0	0	0	0	0	0	0	0	1	0	0	0	0	1	0	0	0	0	0	7	14	0	0	0	0	0	0	0
fsh-generated/resources/ValueSet-vs-ems-sex.json	1077	0	0	0	0	0	0	0	0	0	0	0	0	0	0	0	0	0	0	0	4	10	0	0	0	0	0	0	0
fsh-generated/resources/ValueSet-vs-ems-signature-reason.json	1913	0	0	0	0	0	0	0	0	1	0	0	0	0	0	0	0	0	0	0	6	12	0	0	0	0	0	0	0
fsh-generated/resources/ValueSet-vs-ems-signature-status.json	2820	1	0	0	0	0	0	0	0	0	0	0	0	0	1	0	0	0	0	0	8	11	0	0	0	0	0	0	0
fsh-generated/resources/ValueSet-vs-ems-signer-type.json	1666	0	0	0	0	0	0	0	1	1	0	0	0	0	0	0	0	0	0	0	7	11	0	0	0	0	0	0	0
fsh-generated/resources/ValueSet-vs-ems-situation-organ-system.json	1770	0	0	0	0	0	0	0	0	0	0	0	0	0	0	0	0	0	0	0	24	11	0	0	0	0	0	0	0
fsh-generated/resources/ValueSet-vs-ems-specialty-service-capability.json	2603	0	0	0	0	0	0	0	0	1	0	0	0	0	0	0	0	0	0	0	11	11	0	0	0	0	1	0	0
fsh-generated/resources/ValueSet-vs-ems-stroke-scale-result.json	977	1	0	0	0	0	0	0	0	0	0	0	0	0	0	0	0	0	0	0	5	15	0	0	0	0	0	0	0
fsh-generated/resources/ValueSet-vs-ems-stroke-scale-type.json	2348	0	0	0	1	0	0	0	0	1	0	0	0	0	1	0	0	0	0	0	9	15	0	0	0	0	0	0	0
fsh-generated/resources/ValueSet-vs-ems-transfer-reason.json	2466	0	0	0	0	0	0	0	0	0	0	0	0	0	0	0	0	0	0	0	7	21	0	0	0	0	0	0	0
fsh-generated/resources/ValueSet-vs-ems-transport-delay.json	2262	0	0	0	0	0	0	0	0	1	0	0	0	0	0	0	0	0	0	0	6	17	0	0	0	0	0	0	0
fsh-generated/resources/ValueSet-vs-ems-transport-disposition.json	1559	1	0	0	0	0	0	0	0	0	0	0	0	0	0	0	0	0	0	0	5	12	0	0	0	0	0	0	0
fsh-generated/resources/ValueSet-vs-ems-transport-method.json	1620	0	0	0	0	0	0	0	0	1	0	0	0	0	0	0	0	0	0	0	5	11	0	0	0	0	0	0	0
fsh-generated/resources/ValueSet-vs-ems-transport-mode.json	1135	0	0	0	0	0	0	0	0	0	0	0	0	0	1	0	0	0	0	0	4	11	0	0	0	0	0	0	1
fsh-generated/resources/ValueSet-vs-ems-trauma-triage-high-risk.json	3508	0	0	0	0	0	0	0	0	1	0	0	0	0	0	0	0	0	0	0	10	12	0	0	0	0	0	0	0
fsh-generated/resources/ValueSet-vs-ems-trauma-triage-moderate-risk.json	3528	1	0	0	0	0	0	0	0	1	0	0	0	0	0	0	0	0	0	0	11	13	0	0	0	0	0	0	0
fsh-generated/resources/ValueSet-vs-ems-turn-around-delay.json	2434	0	0	0	0	0	0	0	0	1	0	0	0	0	0	0	0	0	0	0	7	12	0	0	0	0	0	0	0
fsh-generated/resources/ValueSet-vs-ems-unit-disposition.json	1328	0	0	0	0	0	0	0	0	0	0	0	0	0	1	0	0	0	0	0	6	11	0	0	0	0	0	0	0
fsh-generated/resources/ValueSet-vs-ems-unit-type.json	1693	1	0	0	0	0	0	0	0	1	0	0	0	0	0	0	0	0	0	0	5	11	0	0	0	0	0	0	0
fsh-generated/resources/ValueSet-vs-ems-vascular-access-location.json	4793	0	0	0	0	0	0	0	1	1	0	0	0	0	0	0	0	0	0	0	13	16	0	0	0	0	1	0	0
fsh-generated/resources/ValueSet-vs-ems-vehicle-type.json	1895	0	0	0	0	0	0	0	0	1	0	0	0	0	0	0	0	0	0	0	6	12	0	0	0	0	0	0	0
fsh-generated/resources/ValueSet-vs-ems-work-injury-exposure.json	3181	1	0	0	0	0	0	0	0	1	0	0	0	0	0	0	0	0	0	0	11	16	0	0	0	0	1	0	0
input/resources/Requirements-fromNarrative.json	431	0	0	0	0	0	0	0	0	3	0	0	0	0	0	0	0	0	0	0	4	30	0	0	0	0	0	0	0
/input/includes/menu.xml	1175	-	-	-	0	0	0	0	0	0	0	0	0	0	0	0	0	0	0	0	0	4	0	0	0	0	0	0	0
/fsh-generated/includes/fsh-link-references.md	19168	-	-	-	0	0	0	0	0	0	0	0	0	0	0	0	0	0	0	0	0	0	0	0	0	0	0	0	0
/input/pagecontent/examples.md	8195	-	-	-	0	0	0	0	0	0	0	0	0	0	0	0	0	0	0	0	0	1	0	0	0	0	0	0	0
/input/pagecontent/extensions.md	9989	-	-	-	0	0	0	0	0	0	0	0	0	0	0	0	0	0	0	0	0	0	0	0	0	0	0	0	0
/input/pagecontent/ip-statements.md	5005	-	-	-	0	0	0	0	0	0	0	0	0	0	0	0	0	0	0	0	0	0	0	0	0	0	0	0	0
/input/pagecontent/nemsis-overview.md	4379	-	-	-	0	0	0	0	0	0	0	0	0	0	0	0	0	0	0	0	0	1	0	0	0	0	0	0	0
/input/pagecontent/profiles.md	9402	-	-	-	0	0	0	0	0	0	0	0	0	0	0	0	0	0	0	0	0	0	0	0	0	0	0	0	0
/input/pagecontent/guidance.md	12277	-	-	-	0	0	0	0	0	0	0	0	0	0	0	0	0	0	0	0	0	1	0	0	0	0	0	0	0
/input/pagecontent/differential.md	7996	-	-	-	0	0	0	0	0	0	0	0	0	0	0	0	0	0	0	0	0	0	0	0	0	0	0	0	0
/input/pagecontent/uscore-alignment.md	8528	-	-	-	0	0	0	0	0	0	0	0	0	0	0	0	0	0	0	0	0	0	0	0	0	0	0	0	0
/input/pagecontent/mapping.md	11316	-	-	-	0	0	0	0	0	0	0	0	0	0	0	0	0	0	0	0	0	1	0	0	0	0	0	0	0
/input/pagecontent/terminology.md	10677	-	-	-	0	0	0	0	0	0	0	0	0	0	0	0	0	0	0	0	0	0	0	0	0	0	0	0	0
/input/pagecontent/must-support.md	8007	-	-	-	0	0	0	0	0	0	0	0	0	0	0	0	0	0	0	0	0	0	0	0	0	0	0	0	0
/input/pagecontent/index.md	5496	-	-	-	0	0	0	0	0	0	0	0	0	0	0	0	0	0	0	0	0	1	0	0	0	0	0	0	0
/input/pagecontent/changes.md	8235	-	-	-	0	0	0	0	0	0	0	0	0	0	0	0	0	0	0	0	0	0	0	0	0	0	0	0	0
/input/pagecontent/background.md	3148	-	-	-	0	0	0	0	0	0	0	0	0	0	0	0	0	0	0	0	0	1	0	0	0	0	0	0	0
/input/pagecontent/downloads.md	5375	-	-	-	0	0	0	0	0	0	0	0	0	0	0	0	0	0	0	0	0	0	0	0	0	0	0	0	0
/input/pagecontent/security.md	7363	-	-	-	0	0	0	0	0	0	0	0	0	0	0	0	0	0	0	0	0	1	0	0	0	0	0	0	0
/input/pagecontent	0	-	-	-	0	0	0	0	0	0	0	0	0	0	0	0	0	0	0	0	0	0	0	0	0	0	0	0	0
/input/pagecontent/examples.md	8195	-	-	-	0	0	0	0	0	0	0	0	0	0	0	0	0	0	0	0	0	1	0	0	0	0	0	0	0
/input/pagecontent/extensions.md	9989	-	-	-	0	0	0	0	0	0	0	0	0	0	0	0	0	0	0	0	0	0	0	0	0	0	0	0	0
/input/pagecontent/ip-statements.md	5005	-	-	-	0	0	0	0	0	0	0	0	0	0	0	0	0	0	0	0	0	1	0	0	0	0	0	0	0
/input/pagecontent/nemsis-overview.md	4379	-	-	-	0	0	0	0	0	0	0	0	0	0	0	0	0	0	0	0	0	0	0	0	0	0	0	0	0
/input/pagecontent/profiles.md	9402	-	-	-	0	0	0	0	0	0	0	0	0	0	0	0	0	0	0	0	0	0	0	0	0	0	0	0	0
/input/pagecontent/guidance.md	12277	-	-	-	0	0	0	0	0	0	0	0	0	0	0	0	0	0	0	0	0	1	0	0	0	0	0	0	0
/input/pagecontent/differential.md	7996	-	-	-	0	0	0	0	0	0	0	0	0	0	0	0	0	0	0	0	0	0	0	0	0	0	0	0	0
/input/pagecontent/uscore-alignment.md	8528	-	-	-	0	0	0	0	0	0	0	0	0	0	0	0	0	0	0	0	0	0	0	0	0	0	0	0	0
/input/pagecontent/mapping.md	11316	-	-	-	0	0	0	0	0	0	0	0	0	0	0	0	0	0	0	0	0	1	0	0	0	0	0	0	0
/input/pagecontent/terminology.md	10677	-	-	-	0	0	0	0	0	0	0	0	0	0	0	0	0	0	0	0	0	0	0	0	0	0	0	0	0
/input/pagecontent/must-support.md	8007	-	-	-	0	0	0	0	0	0	0	0	0	0	0	0	0	0	0	0	0	0	0	0	0	0	0	0	0
/input/pagecontent/index.md	5496	-	-	-	0	0	0	0	0	0	0	0	0	0	0	0	0	0	0	0	0	0	0	0	0	0	0	0	0
/input/pagecontent/changes.md	8235	-	-	-	0	0	0	0	0	0	0	0	0	0	0	0	0	0	0	0	0	1	0	0	0	0	0	0	0
/input/pagecontent/background.md	3148	-	-	-	0	0	0	0	0	0	0	0	0	0	0	0	0	0	0	0	0	0	0	0	0	0	0	0	0
/input/pagecontent/downloads.md	5375	-	-	-	0	0	0	0	0	0	0	0	0	0	0	0	0	0	0	0	0	0	0	0	0	0	0	0	0
/input/pagecontent/security.md	7363	-	-	-	0	0	0	0	0	0	0	0	0	0	0	0	0	0	0	0	0	0	0	0	0	0	0	0	0
/fsh-generated/includes	0	-	-	-	0	0	0	0	0	0	0	0	0	0	0	0	0	0	0	0	0	0	0	0	0	0	0	0	0
/fsh-generated/includes/fsh-link-references.md	19168	-	-	-	0	0	0	0	0	0	0	0	0	0	0	0	0	0	0	0	0	1	0	0	0	0	0	0	0
/template/config	0	-	-	-	0	0	0	0	0	0	0	0	0	0	0	0	0	0	0	0	0	0	0	0	0	0	0	0	0
/template/config/_config.yml	140	-	-	-	0	0	0	0	0	0	0	0	0	0	0	0	0	0	0	0	0	0	0	0	0	0	0	0	0
/temp/pages/_includes/artifacts.xml	148016	-	-	-	-	-	-	-	-	-	-	-	-	-	-	-	-	-	-	-	-	1	0	0	0	0	0	0	0
